"","Estimate","Std. Error","t value"
"(Intercept)",0.258883321957776,0.0195017588593047,13.2748704270978
